<?xml version="1.0" encoding="UTF-8"?>
<report>
  <swf size="569116" compressedSize="266189">

    <!-- Header data (SWF attributes, product info, markers, etc.) -->
    <headerData totalSize="1169">
      <data type="metaData" size="1101"/>
      <data type="productInfo" size="28"/>
      <data type="swfHeader" size="21"/>
      <data type="fileAttributes" size="6"/>
      <data type="scriptLimits" size="6"/>
      <data type="backgroundColor" size="5"/>
      <data type="endMarker" size="2"/>
    </headerData>

    <!-- Cumulative frame size summary. -->
    <frames totalSize="567947">
      <frame name="_Dashboard_mx_managers_SystemManager" size="55161" frame="1"/>
      <frame name="com_google_code_flexiframe_examples_Dashboard" size="512786" frame="2"/>
    </frames>

    <!-- Actionscript code and constant data. -->
    <actionScript totalSize="549281">
      <abc name="frame2" size="494204" frame="2"/>
      <abc name="frame1" size="55077" frame="1"/>
    </actionScript>

    <!-- defineSprite. -->
    <sprites totalSize="19">
      <sprite name="_Dashboard_Styles__embed_css_Assets_swf_mx_skins_cursor_BusyCursor_549998783" size="19" frame="2"/>
    </sprites>

    <!-- defineShape/2/3/4. -->
    <shapes totalSize="261">
      <shape size="261" frame="2"/>
    </shapes>

    <!-- defineBits, definebitsJPEG2/3/4, or defineBitsLossless/2 -->
    <bitmaps totalSize="3518">
      <bitmap name="com.google.code.flexiframe.examples.Dashboard__embed_css__com_google_code_flexiframe_examples_assets_maximize_up_png_1071796827" size="426" frame="2"/>
      <bitmap name="com.google.code.flexiframe.examples.Dashboard__embed_css__com_google_code_flexiframe_examples_assets_minimize_up_png_1252365947" size="410" frame="2"/>
      <bitmap name="com.google.code.flexiframe.examples.Dashboard__embed_css__com_google_code_flexiframe_examples_assets_maximize_over_png_1252585201" size="397" frame="2"/>
      <bitmap name="com.google.code.flexiframe.examples.Dashboard__embed_css__com_google_code_flexiframe_examples_assets_minimize_over_png_45923953" size="371" frame="2"/>
      <bitmap name="com.google.code.flexiframe.examples.Dashboard__embed_css__com_google_code_flexiframe_examples_assets_restore_over_png_169100389" size="369" frame="2"/>
      <bitmap name="com.google.code.flexiframe.examples.Dashboard__embed_css__com_google_code_flexiframe_examples_assets_restore_up_png_1996370205" size="364" frame="2"/>
      <bitmap name="com.google.code.flexiframe.examples.Dashboard__embed_css__com_google_code_flexiframe_examples_assets_close_up_png_1890432369" size="361" frame="2"/>
      <bitmap name="com.google.code.flexiframe.examples.Dashboard__embed_css__com_google_code_flexiframe_examples_assets_close_over_png_2076648505" size="345" frame="2"/>
      <bitmap name="com.google.code.flexiframe.examples.Dashboard__embed_css__com_google_code_flexiframe_examples_assets_left_arrow_disabled_gif_193905615" size="81" frame="2"/>
      <bitmap name="com.google.code.flexiframe.examples.Dashboard__embed_css__com_google_code_flexiframe_examples_assets_right_arrow_up_gif_1207194479" size="80" frame="2"/>
      <bitmap name="com.google.code.flexiframe.examples.Dashboard__embed_css__com_google_code_flexiframe_examples_assets_right_arrow_over_gif_2080311843" size="80" frame="2"/>
      <bitmap name="com.google.code.flexiframe.examples.Dashboard__embed_css__com_google_code_flexiframe_examples_assets_left_arrow_over_gif_1363292161" size="79" frame="2"/>
      <bitmap name="com.google.code.flexiframe.examples.Dashboard__embed_css__com_google_code_flexiframe_examples_assets_left_arrow_up_gif_855102773" size="78" frame="2"/>
      <bitmap name="com.google.code.flexiframe.examples.Dashboard__embed_css__com_google_code_flexiframe_examples_assets_right_arrow_disabled_gif_1704222867" size="77" frame="2"/>
    </bitmaps>

    <!-- SWF, Pixel Bender, or other miscellaneous embed data. -->
    <binaryData totalSize="11882">
      <data name="mx.graphics.shaderClasses.SaturationShader_ShaderClass" size="2298" frame="2"/>
      <data name="mx.graphics.shaderClasses.HueShader_ShaderClass" size="2268" frame="2"/>
      <data name="mx.graphics.shaderClasses.SoftLightShader_ShaderClass" size="1920" frame="2"/>
      <data name="mx.graphics.shaderClasses.LuminosityShader_ShaderClass" size="1282" frame="2"/>
      <data name="mx.graphics.shaderClasses.ColorShader_ShaderClass" size="1272" frame="2"/>
      <data name="mx.graphics.shaderClasses.ColorBurnShader_ShaderClass" size="1144" frame="2"/>
      <data name="mx.graphics.shaderClasses.ColorDodgeShader_ShaderClass" size="1074" frame="2"/>
      <data name="mx.graphics.shaderClasses.ExclusionShader_ShaderClass" size="624" frame="2"/>
    </binaryData>

    <!-- Additional frame tags (symbolClass, exportAssets, showFrame, etc). -->
    <frameData totalSize="2986">
      <tag type="symbolClass" size="2374" frame="2"/>
      <tag type="exportAssets" size="478" frame="2"/>
      <tag type="frameLabel" size="48" frame="2"/>
      <tag type="symbolClass" size="43" frame="1"/>
      <tag type="frameLabel" size="39" frame="1"/>
      <tag type="showFrame" size="2" frame="1"/>
      <tag type="showFrame" size="2" frame="2"/>
    </frameData>
  </swf>
</report>