<?xml version="1.0" encoding="UTF-8"?>

<!--
  ~ Copyright (c) 2007-2011 flex-iframe contributors
  ~
  ~ Permission is hereby granted, free of charge, to any person obtaining a copy
  ~ of this software and associated documentation files (the "Software"), to deal
  ~ in the Software without restriction, including without limitation the rights
  ~ to use, copy, modify, merge, publish, distribute, sublicense, and/or sell
  ~ copies of the Software, and to permit persons to whom the Software is
  ~ furnished to do so, subject to the following conditions:
  ~
  ~ The above copyright notice and this permission notice shall be included in
  ~ all copies or substantial portions of the Software.
  ~
  ~ THE SOFTWARE IS PROVIDED "AS IS", WITHOUT WARRANTY OF ANY KIND, EXPRESS OR
  ~ IMPLIED, INCLUDING BUT NOT LIMITED TO THE WARRANTIES OF MERCHANTABILITY,
  ~ FITNESS FOR A PARTICULAR PURPOSE AND NONINFRINGEMENT. IN NO EVENT SHALL THE
  ~ AUTHORS OR COPYRIGHT HOLDERS BE LIABLE FOR ANY CLAIM, DAMAGES OR OTHER
  ~ LIABILITY, WHETHER IN AN ACTION OF CONTRACT, TORT OR OTHERWISE, ARISING FROM,
  ~ OUT OF OR IN CONNECTION WITH THE SOFTWARE OR THE USE OR OTHER DEALINGS IN
  ~ THE SOFTWARE.
  -->

<assembly xmlns="http://maven.apache.org/plugins/maven-assembly-plugin/assembly/1.1.0" xmlns:xsi="http://www.w3.org/2001/XMLSchema-instance"
  xsi:schemaLocation="http://maven.apache.org/plugins/maven-assembly-plugin/assembly/1.1.0 http://maven.apache.org/xsd/assembly-1.1.0.xsd">

  <!-- Assembly id -->
  <id>sources</id>

  <!-- Archive formats -->
  <formats>
    <format>zip</format>
  </formats>

  <!-- Archive base directory -->
  <baseDirectory>${project.artifactId}</baseDirectory>

  <!-- Assembly description -->
  <fileSets>
    <fileSet>
      <directory>${project.basedir}</directory>
      <excludes>
        <exclude>${project.build.directory}/**</exclude>
        <exclude>*.iml</exclude>
        <exclude>*.ipr</exclude>
        <exclude>*.iws</exclude>
      </excludes>
    </fileSet>
  </fileSets>

</assembly>
